<?xml version="1.0" encoding="UTF-8" standalone="yes"?>
<addon id="plugin.video.89tec9"
	name="89tec9"
	version="1.0.0"
	provider-name="fullstackadept">
  <requires>
    <import addon="xbmc.python" version="2.1.0"/>
    <import addon="script.module.addon.common" version="2.0.0"/>
    <import addon="plugin.video.youtube" version="5.0.0"/>
  </requires>
  <extension point="xbmc.python.pluginsource" library="default.py">
    <provides>video</provides>
  </extension>
  <extension point="xbmc.addon.metadata">
    <summary lang="en">89tec9 : Stretch Armstrong and Bobbito Show</summary>
    <description lang="en">Radio Mixshows, Demos, Freestyles from Stretch Armstrong and Bobbito w/ Lord Sear. Also includes other classic mixshows from Marley Marl, Kid Capri, Chuck Chillout, Kool DJ Red Alert, Sway and Tech and more.</description>
    <platform>all</platform>
    <forum>n/a</forum>
    <website>n/a</website>
  </extension>
</addon>
