<?xml version="1.0" encoding="UTF-8" standalone="yes"?>
<addon id="plugin.video.infosecflix"
	name="InfosecFlix"
	version="1.0.0"
	provider-name="fullstackadept">
  <requires>
    <import addon="xbmc.python" version="2.1.0"/>
    <import addon="script.module.addon.common" version="2.0.0"/>
    <import addon="plugin.video.youtube" version="5.0.0"/>
  </requires>
  <extension point="xbmc.python.pluginsource" library="default.py">
    <provides>video</provides>
  </extension>
  <extension point="xbmc.addon.metadata">
    <summary lang="en">InfosecFlix: Hacker Presentations</summary>
    <description lang="en">Talks and presentations from top security conferences around the US. HOPE, Black Hat, DEF CON, DerbyCon, SchmooCon, BSides and more.</description>
    <platform>all</platform>
    <forum>n/a</forum>
    <website>n/a</website>
  </extension>
</addon>
